,id,first_name,last_name,email,ip_address
0,1,Ozzie,Everington,oeverington0@marketwatch.com,50.218.126.57
1,2,Sharlene,Bearsmore,sbearsmore1@shinystat.com,117.146.130.90
2,3,Yolanda,Adamou,yadamou2@ow.ly,241.32.63.240
3,4,Myranda,Kloser,mkloser3@parallels.com,74.193.226.83
4,5,Winonah,Sandeford,wsandeford4@timesonline.co.uk,239.251.207.237
5,6,Ivory,Wingatt,iwingatt5@com.com,116.87.10.137
6,7,Egor,De Beauchamp,edebeauchamp6@wufoo.com,151.131.138.28
7,8,Jobie,Pashler,jpashler7@sun.com,188.154.228.79
8,9,Charity,Libby,clibby8@edublogs.org,47.216.160.225
9,10,Sadye,Poacher,spoacher9@nhs.uk,29.57.154.142
10,10,Sadye,Poacher,spoacher9@nhs.uk,29.57.154.142
11,11,Jaime,McGrill,jmcgrilla@virginia.edu,22.65.19.34
12,12,Perla,McKevany,pmckevanyb@yahoo.co.jp,182.44.72.83
13,13,Mickey,Domico,mdomicoc@stanford.edu,204.200.186.61
14,14,Brigid,Plaschke,bplaschked@yahoo.com,33.247.110.109
15,15,Vinita,Rapley,vrapleye@marriott.com,145.114.16.112
16,16,Gennifer,Coupar,gcouparf@gnu.org,250.228.216.206
17,17,Dorita,Wilbraham,dwilbrahamg@uol.com.br,103.54.57.216
18,18,Thaxter,Gunby,tgunbyh@skyrock.com,175.214.186.108
19,19,Iseabal,Cabble,icabblei@netvibes.com,111.74.212.26
20,20,Darcey,Bissex,dbissexj@blog.com,62.197.134.253
